{
  "underlying": "NIFTY",
  "expiry": "2025-11-27",
  "spot": 22050,
  "instruments": [
    { "strike": 21800, "opt_type": "CE", "ltp": 180, "oi": 120000 },
    { "strike": 21800, "opt_type": "PE", "ltp": 45,  "oi": 98000  },
    { "strike": 22000, "opt_type": "CE", "ltp": 120, "oi": 150000 },
    { "strike": 22000, "opt_type": "PE", "ltp": 90,  "oi": 140000 },
    { "strike": 22200, "opt_type": "CE", "ltp": 60,  "oi": 110000 },
    { "strike": 22200, "opt_type": "PE", "ltp": 165, "oi": 101000 }
  ]
}

